,game_id,date,team,opp,result,win,pt_diff,ortg,zone,fgm,fga,fg%
0,0,5/16/21,ATL,HOU,W 124-95,1,29,121.4,Right Corner 3,2.0,2.0,1.0
1,1,5/16/21,HOU,ATL,L 95-124,0,-29,93.0,Right Corner 3,4.0,7.0,0.5714285714285714
2,2,5/16/21,BKN,CLE,W 123-109,1,14,125.1,Right Corner 3,0.0,1.0,0.0
3,3,5/16/21,CLE,BKN,L 109-123,0,-14,110.9,Right Corner 3,0.0,3.0,0.0
4,4,5/16/21,CHI,MIL,W 118-112,1,6,116.1,Right Corner 3,0.0,0.0,
5,5,5/16/21,MIL,CHI,L 112-118,0,-6,110.2,Right Corner 3,1.0,3.0,0.3333333333333333
6,6,5/16/21,DET,MIA,L 107-120,0,-13,108.8,Right Corner 3,0.0,3.0,0.0
7,7,5/16/21,MIA,DET,W 120-107,1,13,122.0,Right Corner 3,1.0,3.0,0.3333333333333333
8,8,5/16/21,GSW,MEM,W 113-101,1,12,117.4,Right Corner 3,2.0,2.0,1.0
9,9,5/16/21,MEM,GSW,L 101-113,0,-12,105.0,Right Corner 3,1.0,1.0,1.0
10,10,5/16/21,DAL,MIN,L 121-136,0,-15,123.0,Right Corner 3,1.0,5.0,0.2
11,11,5/16/21,MIN,DAL,W 136-121,1,15,138.3,Right Corner 3,2.0,6.0,0.3333333333333333
12,12,5/16/21,LAL,NOP,W 110-98,1,12,109.6,Right Corner 3,0.0,4.0,0.0
13,13,5/16/21,NOP,LAL,L 98-110,0,-12,97.6,Right Corner 3,0.0,3.0,0.0
14,14,5/16/21,BOS,NYK,L 92-96,0,-4,99.3,Right Corner 3,0.0,6.0,0.0
15,15,5/16/21,NYK,BOS,W 96-92,1,4,103.7,Right Corner 3,2.0,4.0,0.5
16,16,5/16/21,LAC,OKC,L 112-117,0,-5,114.3,Right Corner 3,0.0,2.0,0.0
17,17,5/16/21,OKC,LAC,W 117-112,1,5,119.4,Right Corner 3,0.0,0.0,
18,18,5/16/21,ORL,PHI,L 117-128,0,-11,115.1,Right Corner 3,0.0,2.0,0.0
19,19,5/16/21,PHI,ORL,W 128-117,1,11,125.9,Right Corner 3,3.0,6.0,0.5
20,20,5/16/21,DEN,POR,L 116-132,0,-16,118.5,Right Corner 3,2.0,4.0,0.5
21,21,5/16/21,POR,DEN,W 132-116,1,16,134.8,Right Corner 3,4.0,6.0,0.6666666666666666
22,22,5/16/21,SAC,UTA,L 99-121,0,-22,97.9,Right Corner 3,1.0,3.0,0.3333333333333333
23,23,5/16/21,UTA,SAC,W 121-99,1,22,119.6,Right Corner 3,3.0,5.0,0.6
24,24,5/16/21,PHX,SAS,W 123-121,1,2,119.7,Right Corner 3,3.0,4.0,0.75
25,25,5/16/21,SAS,PHX,L 121-123,0,-2,117.7,Right Corner 3,2.0,3.0,0.6666666666666666
26,26,5/16/21,IND,TOR,W 125-113,1,12,121.9,Right Corner 3,3.0,7.0,0.42857142857142855
27,27,5/16/21,TOR,IND,L 113-125,0,-12,110.2,Right Corner 3,0.0,1.0,0.0
28,28,5/16/21,CHA,WAS,L 110-115,0,-5,107.6,Right Corner 3,2.0,4.0,0.5
29,29,5/16/21,WAS,CHA,W 115-110,1,5,112.5,Right Corner 3,0.0,3.0,0.0
30,30,5/15/21,BKN,CHI,W 105-91,1,14,113.2,Right Corner 3,2.0,4.0,0.5
31,31,5/15/21,CHI,BKN,L 91-105,0,-14,98.1,Right Corner 3,1.0,1.0,1.0
32,32,5/15/21,IND,LAL,L 115-122,0,-7,114.4,Right Corner 3,1.0,5.0,0.2
33,33,5/15/21,LAL,IND,W 122-115,1,7,121.4,Right Corner 3,1.0,6.0,0.16666666666666666
34,34,5/15/21,MIA,MIL,L 108-122,0,-14,107.9,Right Corner 3,3.0,5.0,0.6
35,35,5/15/21,MIL,MIA,W 122-108,1,14,121.9,Right Corner 3,0.0,2.0,0.0
36,36,5/15/21,BOS,MIN,W 124-108,1,16,122.0,Right Corner 3,3.0,3.0,1.0
37,37,5/15/21,MIN,BOS,L 108-124,0,-16,106.3,Right Corner 3,0.0,1.0,0.0
38,38,5/15/21,CHA,NYK,L 109-118 (OT),0,-9,110.3,Right Corner 3,1.0,5.0,0.2
39,39,5/15/21,NYK,CHA,W 118-109 (OT),1,9,119.4,Right Corner 3,5.0,5.0,1.0
40,40,5/15/21,PHX,SAS,W 140-103,1,37,132.8,Right Corner 3,0.0,2.0,0.0
41,41,5/15/21,SAS,PHX,L 103-140,0,-37,97.7,Right Corner 3,0.0,1.0,0.0
42,42,5/14/21,DAL,TOR,W 114-110,1,4,118.6,Right Corner 3,4.0,5.0,0.8
43,43,5/14/21,TOR,DAL,L 110-114,0,-4,114.5,Right Corner 3,2.0,3.0,0.6666666666666666
44,44,5/14/21,DEN,DET,W 104-91,1,13,113.1,Right Corner 3,3.0,5.0,0.6
45,45,5/14/21,DET,DEN,L 91-104,0,-13,99.0,Right Corner 3,0.0,4.0,0.0
46,46,5/14/21,GSW,NOP,W 125-122,1,3,120.5,Right Corner 3,1.0,2.0,0.5
47,47,5/14/21,NOP,GSW,L 122-125,0,-3,117.7,Right Corner 3,0.0,3.0,0.0
48,48,5/14/21,HOU,LAC,W 122-115,1,7,120.0,Right Corner 3,0.0,3.0,0.0
49,49,5/14/21,LAC,HOU,L 115-122,0,-7,113.1,Right Corner 3,3.0,3.0,1.0
50,50,5/14/21,MEM,SAC,W 107-106,1,1,105.6,Right Corner 3,0.0,1.0,0.0
51,51,5/14/21,SAC,MEM,L 106-107,0,-1,104.7,Right Corner 3,1.0,5.0,0.2
52,52,5/14/21,OKC,UTA,L 93-109,0,-16,98.9,Right Corner 3,3.0,4.0,0.75
53,53,5/14/21,UTA,OKC,W 109-93,1,16,115.9,Right Corner 3,3.0,5.0,0.6
54,54,5/14/21,ORL,PHI,L 97-122,0,-25,100.9,Right Corner 3,2.0,6.0,0.3333333333333333
55,55,5/14/21,PHI,ORL,W 122-97,1,25,126.9,Right Corner 3,4.0,7.0,0.5714285714285714
56,56,5/14/21,CLE,WAS,L 105-120,0,-15,103.7,Right Corner 3,0.0,2.0,0.0
57,57,5/14/21,WAS,CLE,W 120-105,1,15,118.5,Right Corner 3,1.0,1.0,1.0
58,58,5/13/21,ATL,ORL,W 116-93,1,23,121.2,Right Corner 3,1.0,4.0,0.25
59,59,5/13/21,ORL,ATL,L 93-116,0,-23,97.2,Right Corner 3,2.0,5.0,0.4
60,60,5/13/21,CHI,TOR,W 114-102,1,12,117.6,Right Corner 3,3.0,3.0,1.0
61,61,5/13/21,TOR,CHI,L 102-114,0,-12,105.2,Right Corner 3,1.0,3.0,0.3333333333333333
62,62,5/13/21,CHA,LAC,L 90-113,0,-23,98.0,Right Corner 3,0.0,3.0,0.0
63,63,5/13/21,LAC,CHA,W 113-90,1,23,123.0,Right Corner 3,3.0,6.0,0.5
64,64,5/13/21,IND,MIL,L 133-142,0,-9,123.4,Right Corner 3,5.0,8.0,0.625
65,65,5/13/21,MIL,IND,W 142-133,1,9,131.7,Right Corner 3,2.0,5.0,0.4
66,66,5/13/21,MEM,SAC,W 116-110,1,6,119.3,Right Corner 3,0.0,2.0,0.0
67,67,5/13/21,SAC,MEM,L 110-116,0,-6,113.1,Right Corner 3,1.0,3.0,0.3333333333333333
68,68,5/13/21,MIA,PHI,W 106-94,1,12,120.4,Right Corner 3,3.0,4.0,0.75
69,69,5/13/21,PHI,MIA,L 94-106,0,-12,106.8,Right Corner 3,2.0,8.0,0.25
70,70,5/13/21,DEN,MIN,W 114-103,1,11,118.1,Right Corner 3,0.0,5.0,0.0
71,71,5/13/21,MIN,DEN,L 103-114,0,-11,106.7,Right Corner 3,1.0,1.0,1.0
72,72,5/13/21,NYK,SAS,W 102-98,1,4,108.2,Right Corner 3,6.0,7.0,0.8571428571428571
73,73,5/13/21,SAS,NYK,L 98-102,0,-4,103.9,Right Corner 3,0.0,2.0,0.0
74,74,5/13/21,PHX,POR,W 118-117,1,1,119.5,Right Corner 3,4.0,6.0,0.6666666666666666
75,75,5/13/21,POR,PHX,L 117-118,0,-1,118.5,Right Corner 3,3.0,5.0,0.6
76,76,5/12/21,ATL,WAS,W 120-116,1,4,115.0,Right Corner 3,4.0,5.0,0.8
77,77,5/12/21,WAS,ATL,L 116-120,0,-4,111.1,Right Corner 3,1.0,3.0,0.3333333333333333
78,78,5/12/21,BKN,SAS,W 128-116,1,12,128.1,Right Corner 3,2.0,3.0,0.6666666666666666
79,79,5/12/21,SAS,BKN,L 116-128,0,-12,116.1,Right Corner 3,0.0,3.0,0.0
80,80,5/12/21,BOS,CLE,L 94-102,0,-8,95.8,Right Corner 3,1.0,2.0,0.5
81,81,5/12/21,CLE,BOS,W 102-94,1,8,103.9,Right Corner 3,0.0,1.0,0.0
82,82,5/12/21,DAL,NOP,W 125-107,1,18,123.2,Right Corner 3,1.0,3.0,0.3333333333333333
83,83,5/12/21,NOP,DAL,L 107-125,0,-18,105.4,Right Corner 3,0.0,3.0,0.0
84,84,5/12/21,HOU,LAL,L 122-124,0,-2,119.2,Right Corner 3,1.0,2.0,0.5
85,85,5/12/21,LAL,HOU,W 124-122,1,2,121.2,Right Corner 3,1.0,2.0,0.5
86,86,5/12/21,POR,UTA,W 105-98,1,7,118.0,Right Corner 3,0.0,0.0,
87,87,5/12/21,UTA,POR,L 98-105,0,-7,110.2,Right Corner 3,1.0,10.0,0.1
88,88,5/11/21,BOS,MIA,L 121-129,0,-8,120.9,Right Corner 3,1.0,3.0,0.3333333333333333
89,89,5/11/21,MIA,BOS,W 129-121,1,8,128.9,Right Corner 3,1.0,3.0,0.3333333333333333
90,90,5/11/21,BKN,CHI,W 115-107,1,8,120.9,Right Corner 3,1.0,4.0,0.25
91,91,5/11/21,CHI,BKN,L 107-115,0,-8,112.5,Right Corner 3,0.0,0.0,
92,92,5/11/21,CHA,DEN,L 112-117,0,-5,113.2,Right Corner 3,3.0,5.0,0.6
93,93,5/11/21,DEN,CHA,W 117-112,1,5,118.2,Right Corner 3,1.0,2.0,0.5
94,94,5/11/21,DET,MIN,L 100-119,0,-19,92.6,Right Corner 3,0.0,2.0,0.0
95,95,5/11/21,MIN,DET,W 119-100,1,19,110.2,Right Corner 3,0.0,3.0,0.0
96,96,5/11/21,GSW,PHX,W 122-116,1,6,131.1,Right Corner 3,2.0,3.0,0.6666666666666666
97,97,5/11/21,PHX,GSW,L 116-122,0,-6,124.6,Right Corner 3,1.0,4.0,0.25
98,98,5/11/21,IND,PHI,W 103-94,1,9,108.1,Right Corner 3,2.0,7.0,0.2857142857142857
99,99,5/11/21,PHI,IND,L 94-103,0,-9,98.6,Right Corner 3,2.0,6.0,0.3333333333333333
100,100,5/11/21,LAL,NYK,W 101-99 (OT),1,2,102.1,Right Corner 3,2.0,3.0,0.6666666666666666
101,101,5/11/21,NYK,LAL,L 99-101 (OT),0,-2,100.1,Right Corner 3,0.0,3.0,0.0
102,102,5/11/21,DAL,MEM,L 104-133,0,-29,112.3,Right Corner 3,2.0,4.0,0.5
103,103,5/11/21,MEM,DAL,W 133-104,1,29,143.6,Right Corner 3,1.0,1.0,1.0
104,104,5/11/21,MIL,ORL,W 114-102,1,12,110.5,Right Corner 3,0.0,2.0,0.0
105,105,5/11/21,ORL,MIL,L 102-114,0,-12,98.8,Right Corner 3,0.0,1.0,0.0
106,106,5/11/21,OKC,SAC,L 106-122,0,-16,103.3,Right Corner 3,2.0,2.0,1.0
107,107,5/11/21,SAC,OKC,W 122-106,1,16,118.8,Right Corner 3,3.0,7.0,0.42857142857142855
108,108,5/11/21,LAC,TOR,W 115-96,1,19,120.9,Right Corner 3,1.0,5.0,0.2
109,109,5/11/21,TOR,LAC,L 96-115,0,-19,100.9,Right Corner 3,1.0,5.0,0.2
110,110,5/10/21,ATL,WAS,W 125-124,1,1,119.8,Right Corner 3,1.0,2.0,0.5
111,111,5/10/21,WAS,ATL,L 124-125,0,-1,118.9,Right Corner 3,2.0,3.0,0.6666666666666666
112,112,5/10/21,CLE,IND,L 102-111,0,-9,106.6,Right Corner 3,1.0,4.0,0.25
113,113,5/10/21,IND,CLE,W 111-102,1,9,116.0,Right Corner 3,2.0,2.0,1.0
114,114,5/10/21,GSW,UTA,W 119-116,1,3,120.9,Right Corner 3,1.0,3.0,0.3333333333333333
115,115,5/10/21,UTA,GSW,L 116-119,0,-3,117.9,Right Corner 3,0.0,4.0,0.0
116,116,5/10/21,MEM,NOP,W 115-110,1,5,113.2,Right Corner 3,0.0,1.0,0.0
117,117,5/10/21,NOP,MEM,L 110-115,0,-5,108.2,Right Corner 3,2.0,3.0,0.6666666666666666
118,118,5/10/21,HOU,POR,L 129-140,0,-11,126.0,Right Corner 3,1.0,5.0,0.2
119,119,5/10/21,POR,HOU,W 140-129,1,11,136.8,Right Corner 3,2.0,4.0,0.5
120,120,5/10/21,MIL,SAS,L 125-146,0,-21,121.8,Right Corner 3,1.0,4.0,0.25
121,121,5/10/21,SAS,MIL,W 146-125,1,21,142.3,Right Corner 3,0.0,0.0,
122,122,5/9/21,BOS,MIA,L 124-130,0,-6,124.8,Right Corner 3,1.0,2.0,0.5
123,123,5/9/21,MIA,BOS,W 130-124,1,6,130.8,Right Corner 3,2.0,5.0,0.4
124,124,5/9/21,CHA,NOP,L 110-112,0,-2,105.1,Right Corner 3,2.0,6.0,0.3333333333333333
125,125,5/9/21,NOP,CHA,W 112-110,1,2,107.0,Right Corner 3,1.0,6.0,0.16666666666666666
126,126,5/9/21,CLE,DAL,L 97-124,0,-27,98.6,Right Corner 3,0.0,3.0,0.0
127,127,5/9/21,DAL,CLE,W 124-97,1,27,126.1,Right Corner 3,1.0,2.0,0.5
128,128,5/9/21,CHI,DET,W 108-96,1,12,115.4,Right Corner 3,2.0,4.0,0.5
129,129,5/9/21,DET,CHI,L 96-108,0,-12,102.6,Right Corner 3,1.0,1.0,1.0
130,130,5/9/21,LAC,NYK,L 100-106,0,-6,104.5,Right Corner 3,1.0,2.0,0.5
131,131,5/9/21,NYK,LAC,W 106-100,1,6,110.8,Right Corner 3,3.0,5.0,0.6
132,132,5/9/21,LAL,PHX,W 123-110,1,13,129.8,Right Corner 3,5.0,6.0,0.8333333333333334
133,133,5/9/21,PHX,LAL,L 110-123,0,-13,116.1,Right Corner 3,3.0,4.0,0.75
134,134,5/9/21,MIN,ORL,W 128-96,1,32,124.9,Right Corner 3,3.0,7.0,0.42857142857142855
135,135,5/9/21,ORL,MIN,L 96-128,0,-32,93.6,Right Corner 3,0.0,3.0,0.0
136,136,5/9/21,OKC,SAC,L 98-126,0,-28,98.1,Right Corner 3,1.0,4.0,0.25
137,137,5/9/21,SAC,OKC,W 126-98,1,28,126.1,Right Corner 3,4.0,5.0,0.8
138,138,5/8/21,BKN,DEN,W 125-119,1,6,128.3,Right Corner 3,4.0,5.0,0.8
139,139,5/8/21,DEN,BKN,L 119-125,0,-6,122.2,Right Corner 3,2.0,3.0,0.6666666666666666
140,140,5/8/21,GSW,OKC,W 136-97,1,39,131.4,Right Corner 3,1.0,2.0,0.5
141,141,5/8/21,OKC,GSW,L 97-136,0,-39,93.7,Right Corner 3,2.0,3.0,0.6666666666666666
142,142,5/8/21,IND,WAS,L 132-133 (OT),0,-1,110.1,Right Corner 3,0.0,2.0,0.0
143,143,5/8/21,WAS,IND,W 133-132 (OT),1,1,110.9,Right Corner 3,0.0,3.0,0.0
144,144,5/8/21,DET,PHI,L 104-118,0,-14,107.8,Right Corner 3,2.0,4.0,0.5
145,145,5/8/21,PHI,DET,W 118-104,1,14,122.3,Right Corner 3,4.0,9.0,0.4444444444444444
146,146,5/8/21,POR,SAS,W 124-102,1,22,124.9,Right Corner 3,0.0,2.0,0.0
147,147,5/8/21,SAS,POR,L 102-124,0,-22,102.8,Right Corner 3,0.0,2.0,0.0
148,148,5/8/21,MEM,TOR,W 109-99,1,10,110.5,Right Corner 3,2.0,5.0,0.4
149,149,5/8/21,TOR,MEM,L 99-109,0,-10,100.3,Right Corner 3,0.0,1.0,0.0
150,150,5/8/21,HOU,UTA,L 116-124,0,-8,113.2,Right Corner 3,0.0,3.0,0.0
151,151,5/8/21,UTA,HOU,W 124-116,1,8,121.0,Right Corner 3,4.0,7.0,0.5714285714285714
152,152,5/7/21,BOS,CHI,L 99-121,0,-22,102.4,Right Corner 3,1.0,1.0,1.0
153,153,5/7/21,CHI,BOS,W 121-99,1,22,125.2,Right Corner 3,3.0,4.0,0.75
154,154,5/7/21,CHA,ORL,W 122-112,1,10,121.7,Right Corner 3,0.0,2.0,0.0
155,155,5/7/21,ORL,CHA,L 112-122,0,-10,111.7,Right Corner 3,0.0,2.0,0.0
156,156,5/7/21,CLE,DAL,L 90-110,0,-20,97.0,Right Corner 3,0.0,5.0,0.0
157,157,5/7/21,DAL,CLE,W 110-90,1,20,118.6,Right Corner 3,3.0,7.0,0.42857142857142855
158,158,5/7/21,MIA,MIN,W 121-112,1,9,118.4,Right Corner 3,1.0,6.0,0.16666666666666666
159,159,5/7/21,MIN,MIA,L 112-121,0,-9,109.6,Right Corner 3,0.0,3.0,0.0
160,160,5/7/21,HOU,MIL,L 133-141,0,-8,121.7,Right Corner 3,2.0,2.0,1.0
161,161,5/7/21,MIL,HOU,W 141-133,1,8,129.1,Right Corner 3,2.0,6.0,0.3333333333333333
162,162,5/7/21,NOP,PHI,L 107-109,0,-2,107.2,Right Corner 3,1.0,4.0,0.25
163,163,5/7/21,PHI,NOP,W 109-107,1,2,109.2,Right Corner 3,2.0,4.0,0.5
164,164,5/7/21,NYK,PHX,L 105-128,0,-23,106.2,Right Corner 3,3.0,4.0,0.75
165,165,5/7/21,PHX,NYK,W 128-105,1,23,129.5,Right Corner 3,3.0,7.0,0.42857142857142855
166,166,5/7/21,LAL,POR,L 101-106,0,-5,102.4,Right Corner 3,1.0,4.0,0.25
167,167,5/7/21,POR,LAL,W 106-101,1,5,107.4,Right Corner 3,0.0,2.0,0.0
168,168,5/7/21,SAC,SAS,L 104-113,0,-9,102.6,Right Corner 3,0.0,0.0,
169,169,5/7/21,SAS,SAC,W 113-104,1,9,111.5,Right Corner 3,2.0,3.0,0.6666666666666666
170,170,5/7/21,DEN,UTA,L 120-127,0,-7,123.5,Right Corner 3,0.0,5.0,0.0
171,171,5/7/21,UTA,DEN,W 127-120,1,7,130.7,Right Corner 3,3.0,7.0,0.42857142857142855
172,172,5/6/21,CHI,CHA,W 120-99,1,21,121.1,Right Corner 3,3.0,4.0,0.75
173,173,5/6/21,CHA,CHI,L 99-120,0,-21,99.9,Right Corner 3,1.0,1.0,1.0
174,174,5/6/21,BKN,DAL,L 109-113,0,-4,108.1,Right Corner 3,0.0,1.0,0.0
175,175,5/6/21,DAL,BKN,W 113-109,1,4,112.0,Right Corner 3,0.0,2.0,0.0
176,176,5/6/21,DET,MEM,W 111-97,1,14,116.7,Right Corner 3,3.0,3.0,1.0
177,177,5/6/21,MEM,DET,L 97-111,0,-14,102.0,Right Corner 3,1.0,3.0,0.3333333333333333
178,178,5/6/21,GSW,OKC,W 118-97,1,21,119.6,Right Corner 3,2.0,3.0,0.6666666666666666
179,179,5/6/21,OKC,GSW,L 97-118,0,-21,98.4,Right Corner 3,0.0,1.0,0.0
180,180,5/6/21,ATL,IND,L 126-133,0,-7,122.3,Right Corner 3,1.0,1.0,1.0
181,181,5/6/21,IND,ATL,W 133-126,1,7,129.1,Right Corner 3,2.0,4.0,0.5
182,182,5/6/21,LAC,LAL,W 118-94,1,24,121.4,Right Corner 3,0.0,2.0,0.0
183,183,5/6/21,LAL,LAC,L 94-118,0,-24,96.7,Right Corner 3,1.0,1.0,1.0
184,184,5/6/21,TOR,WAS,L 129-131 (OT),0,-2,119.0,Right Corner 3,2.0,4.0,0.5
185,185,5/6/21,WAS,TOR,W 131-129 (OT),1,2,120.8,Right Corner 3,1.0,6.0,0.16666666666666666
186,186,5/5/21,ATL,PHX,W 135-103,1,32,149.1,Right Corner 3,1.0,2.0,0.5
187,187,5/5/21,PHX,ATL,L 103-135,0,-32,113.8,Right Corner 3,2.0,5.0,0.4
188,188,5/5/21,CLE,POR,L 105-141,0,-36,105.9,Right Corner 3,3.0,5.0,0.6
189,189,5/5/21,POR,CLE,W 141-105,1,36,142.2,Right Corner 3,0.0,1.0,0.0
190,190,5/5/21,DEN,NYK,W 113-97,1,16,108.7,Right Corner 3,1.0,4.0,0.25
191,191,5/5/21,NYK,DEN,L 97-113,0,-16,93.3,Right Corner 3,1.0,2.0,0.5
192,192,5/5/21,HOU,PHI,L 115-135,0,-20,116.5,Right Corner 3,3.0,5.0,0.6
193,193,5/5/21,PHI,HOU,W 135-115,1,20,136.8,Right Corner 3,3.0,6.0,0.5
194,194,5/5/21,IND,SAC,L 93-104,0,-11,93.4,Right Corner 3,2.0,5.0,0.4
195,195,5/5/21,SAC,IND,W 104-93,1,11,104.5,Right Corner 3,0.0,4.0,0.0
196,196,5/5/21,MIL,WAS,W 135-134,1,1,124.8,Right Corner 3,1.0,5.0,0.2
197,197,5/5/21,WAS,MIL,L 134-135,0,-1,123.8,Right Corner 3,1.0,3.0,0.3333333333333333
198,198,5/5/21,MEM,MIN,W 139-135,1,4,131.5,Right Corner 3,1.0,3.0,0.3333333333333333
199,199,5/5/21,MIN,MEM,L 135-139,0,-4,127.8,Right Corner 3,1.0,1.0,1.0
200,200,5/5/21,BOS,ORL,W 132-96,1,36,130.0,Right Corner 3,0.0,1.0,0.0
201,201,5/5/21,ORL,BOS,L 96-132,0,-36,94.6,Right Corner 3,0.0,1.0,0.0
202,202,5/5/21,SAS,UTA,L 94-126,0,-32,95.9,Right Corner 3,1.0,1.0,1.0
203,203,5/5/21,UTA,SAS,W 126-94,1,32,128.5,Right Corner 3,3.0,5.0,0.6
204,204,5/4/21,CLE,PHX,L 118-134 (OT),0,-16,112.2,Right Corner 3,3.0,5.0,0.6
205,205,5/4/21,PHX,CLE,W 134-118 (OT),1,16,127.5,Right Corner 3,4.0,6.0,0.6666666666666666
206,206,5/4/21,CHA,DET,W 102-99,1,3,108.8,Right Corner 3,2.0,3.0,0.6666666666666666
207,207,5/4/21,DET,CHA,L 99-102,0,-3,105.6,Right Corner 3,0.0,4.0,0.0
208,208,5/4/21,LAC,TOR,W 105-100,1,5,110.5,Right Corner 3,5.0,9.0,0.5555555555555556
209,209,5/4/21,TOR,LAC,L 100-105,0,-5,105.2,Right Corner 3,2.0,6.0,0.3333333333333333
210,210,5/4/21,DAL,MIA,W 127-113,1,14,133.9,Right Corner 3,3.0,4.0,0.75
211,211,5/4/21,MIA,DAL,L 113-127,0,-14,119.1,Right Corner 3,0.0,4.0,0.0
212,212,5/4/21,BKN,MIL,L 118-124,0,-6,115.6,Right Corner 3,5.0,5.0,1.0
213,213,5/4/21,MIL,BKN,W 124-118,1,6,121.5,Right Corner 3,0.0,3.0,0.0
214,214,5/4/21,GSW,NOP,L 103-108,0,-5,99.8,Right Corner 3,3.0,5.0,0.6
215,215,5/4/21,NOP,GSW,W 108-103,1,5,104.6,Right Corner 3,1.0,4.0,0.25
216,216,5/4/21,OKC,SAC,L 99-103,0,-4,99.4,Right Corner 3,1.0,4.0,0.25
217,217,5/4/21,SAC,OKC,W 103-99,1,4,103.4,Right Corner 3,2.0,5.0,0.4
218,218,5/3/21,ATL,POR,W 123-114,1,9,125.3,Right Corner 3,4.0,5.0,0.8
219,219,5/3/21,POR,ATL,L 114-123,0,-9,116.2,Right Corner 3,1.0,4.0,0.25
220,220,5/3/21,CHI,PHI,L 94-106,0,-12,101.0,Right Corner 3,2.0,2.0,1.0
221,221,5/3/21,PHI,CHI,W 106-94,1,12,113.9,Right Corner 3,4.0,8.0,0.5
222,222,5/3/21,DET,ORL,L 112-119,0,-7,114.1,Right Corner 3,2.0,3.0,0.6666666666666666
223,223,5/3/21,ORL,DET,W 119-112,1,7,121.3,Right Corner 3,1.0,3.0,0.3333333333333333
224,224,5/3/21,DEN,LAL,L 89-93,0,-4,94.6,Right Corner 3,1.0,1.0,1.0
225,225,5/3/21,LAL,DEN,W 93-89,1,4,98.8,Right Corner 3,1.0,3.0,0.3333333333333333
226,226,5/3/21,MEM,NYK,L 104-118,0,-14,110.6,Right Corner 3,0.0,0.0,
227,227,5/3/21,NYK,MEM,W 118-104,1,14,125.4,Right Corner 3,1.0,2.0,0.5
228,228,5/3/21,GSW,NOP,W 123-108,1,15,119.8,Right Corner 3,4.0,6.0,0.6666666666666666
229,229,5/3/21,NOP,GSW,L 108-123,0,-15,105.2,Right Corner 3,1.0,3.0,0.3333333333333333
230,230,5/3/21,SAS,UTA,L 99-110,0,-11,103.3,Right Corner 3,0.0,1.0,0.0
231,231,5/3/21,UTA,SAS,W 110-99,1,11,114.7,Right Corner 3,3.0,8.0,0.375
232,232,5/3/21,IND,WAS,L 141-154,0,-13,119.3,Right Corner 3,4.0,4.0,1.0
233,233,5/3/21,WAS,IND,W 154-141,1,13,130.3,Right Corner 3,1.0,4.0,0.25
234,234,5/2/21,BOS,POR,L 119-129,0,-10,117.5,Right Corner 3,2.0,3.0,0.6666666666666666
235,235,5/2/21,POR,BOS,W 129-119,1,10,127.4,Right Corner 3,1.0,3.0,0.3333333333333333
236,236,5/2/21,CHA,MIA,L 111-121,0,-10,115.3,Right Corner 3,2.0,4.0,0.5
237,237,5/2/21,MIA,CHA,W 121-111,1,10,125.7,Right Corner 3,1.0,6.0,0.16666666666666666
238,238,5/2/21,DAL,SAC,L 99-111,0,-12,103.2,Right Corner 3,1.0,4.0,0.25
239,239,5/2/21,SAC,DAL,W 111-99,1,12,115.8,Right Corner 3,1.0,3.0,0.3333333333333333
240,240,5/2/21,HOU,NYK,L 97-122,0,-25,100.6,Right Corner 3,1.0,5.0,0.2
241,241,5/2/21,NYK,HOU,W 122-97,1,25,126.6,Right Corner 3,4.0,4.0,1.0
242,242,5/2/21,LAL,TOR,L 114-121,0,-7,109.8,Right Corner 3,1.0,2.0,0.5
243,243,5/2/21,TOR,LAL,W 121-114,1,7,116.5,Right Corner 3,2.0,6.0,0.3333333333333333
244,244,5/2/21,BKN,MIL,L 114-117,0,-3,110.5,Right Corner 3,2.0,3.0,0.6666666666666666
245,245,5/2/21,MIL,BKN,W 117-114,1,3,113.4,Right Corner 3,0.0,2.0,0.0
246,246,5/2/21,OKC,PHX,L 120-123,0,-3,123.2,Right Corner 3,0.0,1.0,0.0
247,247,5/2/21,PHX,OKC,W 123-120,1,3,126.3,Right Corner 3,3.0,6.0,0.5
248,248,5/2/21,PHI,SAS,W 113-111 (OT),1,2,110.1,Right Corner 3,0.0,6.0,0.0
249,249,5/2/21,SAS,PHI,L 111-113 (OT),0,-2,108.1,Right Corner 3,1.0,4.0,0.25
250,250,5/1/21,ATL,CHI,W 108-97,1,11,114.6,Right Corner 3,1.0,6.0,0.16666666666666666
251,251,5/1/21,CHI,ATL,L 97-108,0,-11,103.0,Right Corner 3,0.0,1.0,0.0
252,252,5/1/21,CHA,DET,W 107-94,1,13,114.4,Right Corner 3,2.0,4.0,0.5
253,253,5/1/21,DET,CHA,L 94-107,0,-13,100.5,Right Corner 3,1.0,4.0,0.25
254,254,5/1/21,CLE,MIA,L 107-124,0,-17,119.4,Right Corner 3,3.0,3.0,1.0
255,255,5/1/21,MIA,CLE,W 124-107,1,17,138.4,Right Corner 3,3.0,8.0,0.375
256,256,5/1/21,DAL,WAS,W 125-124,1,1,126.8,Right Corner 3,3.0,5.0,0.6
257,257,5/1/21,WAS,DAL,L 124-125,0,-1,125.8,Right Corner 3,0.0,1.0,0.0
258,258,5/1/21,GSW,HOU,W 113-87,1,26,107.1,Right Corner 3,2.0,7.0,0.2857142857142857
259,259,5/1/21,HOU,GSW,L 87-113,0,-26,82.5,Right Corner 3,1.0,5.0,0.2
260,260,5/1/21,DEN,LAC,W 110-104,1,6,124.6,Right Corner 3,0.0,1.0,0.0
261,261,5/1/21,LAC,DEN,L 104-110,0,-6,117.8,Right Corner 3,3.0,5.0,0.6
262,262,5/1/21,MIN,NOP,L 136-140 (OT),0,-4,114.6,Right Corner 3,3.0,4.0,0.75
263,263,5/1/21,NOP,MIN,W 140-136 (OT),1,4,117.9,Right Corner 3,3.0,10.0,0.3
264,264,5/1/21,IND,OKC,W 152-95,1,57,137.8,Right Corner 3,1.0,2.0,0.5
265,265,5/1/21,OKC,IND,L 95-152,0,-57,86.1,Right Corner 3,0.0,3.0,0.0
266,266,5/1/21,MEM,ORL,L 111-112,0,-1,111.0,Right Corner 3,3.0,7.0,0.42857142857142855
267,267,5/1/21,ORL,MEM,W 112-111,1,1,112.0,Right Corner 3,1.0,1.0,1.0
268,268,5/1/21,TOR,UTA,L 102-106,0,-4,107.3,Right Corner 3,2.0,8.0,0.25
269,269,5/1/21,UTA,TOR,W 106-102,1,4,111.5,Right Corner 3,3.0,8.0,0.375
270,270,4/30/21,BOS,SAS,W 143-140 (OT),1,3,128.6,Right Corner 3,0.0,2.0,0.0
271,271,4/30/21,SAS,BOS,L 140-143 (OT),0,-3,125.9,Right Corner 3,1.0,1.0,1.0
272,272,4/30/21,BKN,POR,L 109-128,0,-19,110.3,Right Corner 3,2.0,3.0,0.6666666666666666
273,273,4/30/21,POR,BKN,W 128-109,1,19,129.5,Right Corner 3,1.0,2.0,0.5
274,274,4/30/21,CHI,MIL,L 98-108,0,-10,99.2,Right Corner 3,0.0,2.0,0.0
275,275,4/30/21,MIL,CHI,W 108-98,1,10,109.3,Right Corner 3,1.0,4.0,0.25
276,276,4/30/21,CLE,WAS,L 93-122,0,-29,91.0,Right Corner 3,1.0,4.0,0.25
277,277,4/30/21,WAS,CLE,W 122-93,1,29,119.4,Right Corner 3,1.0,4.0,0.25
278,278,4/30/21,LAL,SAC,L 106-110,0,-4,106.9,Right Corner 3,0.0,1.0,0.0
279,279,4/30/21,SAC,LAL,W 110-106,1,4,110.9,Right Corner 3,2.0,4.0,0.5
280,280,4/30/21,MEM,ORL,W 92-75,1,17,94.0,Right Corner 3,0.0,6.0,0.0
281,281,4/30/21,ORL,MEM,L 75-92,0,-17,76.7,Right Corner 3,0.0,2.0,0.0
282,282,4/30/21,ATL,PHI,L 104-126,0,-22,106.6,Right Corner 3,2.0,5.0,0.4
283,283,4/30/21,PHI,ATL,W 126-104,1,22,129.1,Right Corner 3,0.0,3.0,0.0
284,284,4/30/21,PHX,UTA,W 121-100,1,21,128.4,Right Corner 3,1.0,4.0,0.25
285,285,4/30/21,UTA,PHX,L 100-121,0,-21,106.1,Right Corner 3,2.0,4.0,0.5
286,286,4/29/21,DEN,TOR,W 121-111,1,10,124.4,Right Corner 3,1.0,6.0,0.16666666666666666
287,287,4/29/21,TOR,DEN,L 111-121,0,-10,114.2,Right Corner 3,2.0,5.0,0.4
288,288,4/29/21,DAL,DET,W 115-105,1,10,115.9,Right Corner 3,2.0,2.0,1.0
289,289,4/29/21,DET,DAL,L 105-115,0,-10,105.8,Right Corner 3,0.0,2.0,0.0
290,290,4/29/21,HOU,MIL,W 143-136,1,7,132.5,Right Corner 3,3.0,6.0,0.5
291,291,4/29/21,MIL,HOU,L 136-143,0,-7,126.0,Right Corner 3,2.0,6.0,0.3333333333333333
292,292,4/29/21,BKN,IND,W 130-113,1,17,123.8,Right Corner 3,2.0,7.0,0.2857142857142857
293,293,4/29/21,IND,BKN,L 113-130,0,-17,107.6,Right Corner 3,1.0,6.0,0.16666666666666666
294,294,4/29/21,GSW,MIN,L 114-126,0,-12,114.6,Right Corner 3,1.0,4.0,0.25
295,295,4/29/21,MIN,GSW,W 126-114,1,12,126.7,Right Corner 3,0.0,1.0,0.0
296,296,4/29/21,NOP,OKC,W 109-95,1,14,103.7,Right Corner 3,2.0,4.0,0.5
297,297,4/29/21,OKC,NOP,L 95-109,0,-14,90.4,Right Corner 3,1.0,5.0,0.2
298,298,4/28/21,BOS,CHA,W 120-111,1,9,127.0,Right Corner 3,1.0,3.0,0.3333333333333333
299,299,4/28/21,CHA,BOS,L 111-120,0,-9,117.5,Right Corner 3,3.0,7.0,0.42857142857142855
300,300,4/28/21,CLE,ORL,L 104-109,0,-5,106.0,Right Corner 3,0.0,4.0,0.0
301,301,4/28/21,ORL,CLE,W 109-104,1,5,111.1,Right Corner 3,0.0,2.0,0.0
302,302,4/28/21,DEN,NOP,W 114-112,1,2,104.9,Right Corner 3,0.0,7.0,0.0
303,303,4/28/21,NOP,DEN,L 112-114,0,-2,103.0,Right Corner 3,1.0,5.0,0.2
304,304,4/28/21,MEM,POR,L 109-130,0,-21,107.2,Right Corner 3,1.0,2.0,0.5
305,305,4/28/21,POR,MEM,W 130-109,1,21,127.9,Right Corner 3,2.0,4.0,0.5
306,306,4/28/21,MIA,SAS,W 116-111,1,5,119.0,Right Corner 3,0.0,4.0,0.0
307,307,4/28/21,SAS,MIA,L 111-116,0,-5,113.9,Right Corner 3,3.0,9.0,0.3333333333333333
308,308,4/28/21,CHI,NYK,L 94-113,0,-19,100.9,Right Corner 3,2.0,3.0,0.6666666666666666
309,309,4/28/21,NYK,CHI,W 113-94,1,19,121.3,Right Corner 3,2.0,2.0,1.0
310,310,4/28/21,ATL,PHI,L 83-127,0,-44,91.8,Right Corner 3,0.0,1.0,0.0
311,311,4/28/21,PHI,ATL,W 127-83,1,44,140.5,Right Corner 3,5.0,6.0,0.8333333333333334
312,312,4/28/21,LAC,PHX,L 101-109,0,-8,111.5,Right Corner 3,2.0,5.0,0.4
313,313,4/28/21,PHX,LAC,W 109-101,1,8,120.4,Right Corner 3,3.0,4.0,0.75
314,314,4/28/21,SAC,UTA,L 105-154,0,-49,104.7,Right Corner 3,0.0,2.0,0.0
315,315,4/28/21,UTA,SAC,W 154-105,1,49,153.5,Right Corner 3,3.0,8.0,0.375
316,316,4/28/21,LAL,WAS,L 107-116,0,-9,107.3,Right Corner 3,2.0,3.0,0.6666666666666666
317,317,4/28/21,WAS,LAL,W 116-107,1,9,116.3,Right Corner 3,1.0,1.0,1.0
318,318,4/27/21,BOS,OKC,L 115-119,0,-4,103.3,Right Corner 3,0.0,1.0,0.0
319,319,4/27/21,OKC,BOS,W 119-115,1,4,106.9,Right Corner 3,0.0,0.0,
320,320,4/27/21,CHA,MIL,L 104-114,0,-10,102.2,Right Corner 3,2.0,5.0,0.4
321,321,4/27/21,MIL,CHA,W 114-104,1,10,112.0,Right Corner 3,0.0,3.0,0.0
322,322,4/27/21,DAL,GSW,W 133-103,1,30,129.9,Right Corner 3,3.0,5.0,0.6
323,323,4/27/21,GSW,DAL,L 103-133,0,-30,100.6,Right Corner 3,0.0,3.0,0.0
324,324,4/27/21,HOU,MIN,L 107-114,0,-7,103.1,Right Corner 3,0.0,5.0,0.0
325,325,4/27/21,MIN,HOU,W 114-107,1,7,109.8,Right Corner 3,0.0,0.0,
326,326,4/27/21,IND,POR,L 112-133,0,-21,109.7,Right Corner 3,2.0,4.0,0.5
327,327,4/27/21,POR,IND,W 133-112,1,21,130.2,Right Corner 3,0.0,1.0,0.0
328,328,4/27/21,BKN,TOR,W 116-103,1,13,125.0,Right Corner 3,3.0,10.0,0.3
329,329,4/27/21,TOR,BKN,L 103-116,0,-13,111.0,Right Corner 3,2.0,7.0,0.2857142857142857
330,330,4/26/21,DEN,MEM,W 120-96,1,24,115.5,Right Corner 3,2.0,7.0,0.2857142857142857
331,331,4/26/21,ATL,DET,L 86-100,0,-14,89.2,Right Corner 3,0.0,1.0,0.0
332,332,4/26/21,DET,ATL,W 100-86,1,14,103.7,Right Corner 3,0.0,2.0,0.0
333,333,4/26/21,CHI,MIA,W 110-102,1,8,117.6,Right Corner 3,3.0,6.0,0.5
334,334,4/26/21,MIA,CHI,L 102-110,0,-8,109.1,Right Corner 3,0.0,4.0,0.0
335,335,4/26/21,MIN,UTA,W 105-104,1,1,108.4,Right Corner 3,2.0,5.0,0.4
336,336,4/26/21,UTA,MIN,L 104-105,0,-1,107.4,Right Corner 3,1.0,12.0,0.08333333333333333
337,337,4/26/21,LAC,NOP,L 103-120,0,-17,103.2,Right Corner 3,3.0,8.0,0.375
338,338,4/26/21,NOP,LAC,W 120-103,1,17,120.3,Right Corner 3,4.0,5.0,0.8
339,339,4/26/21,NYK,PHX,L 110-118,0,-8,118.5,Right Corner 3,2.0,7.0,0.2857142857142857
340,340,4/26/21,PHX,NYK,W 118-110,1,8,127.1,Right Corner 3,1.0,4.0,0.25
341,341,4/26/21,LAL,ORL,W 114-103,1,11,123.8,Right Corner 3,2.0,6.0,0.3333333333333333
342,342,4/26/21,ORL,LAL,L 103-114,0,-11,111.9,Right Corner 3,0.0,2.0,0.0
343,343,4/26/21,OKC,PHI,L 90-121,0,-31,87.3,Right Corner 3,0.0,2.0,0.0
344,344,4/26/21,PHI,OKC,W 121-90,1,31,117.4,Right Corner 3,5.0,5.0,1.0
345,345,4/26/21,SAC,DAL,W 113-106,1,7,122.6,Right Corner 3,2.0,4.0,0.5
346,346,4/26/21,CLE,TOR,L 96-112,0,-16,103.6,Right Corner 3,3.0,6.0,0.5
347,347,4/26/21,TOR,CLE,W 112-96,1,16,120.9,Right Corner 3,1.0,6.0,0.16666666666666666
348,348,4/26/21,WAS,SAS,L 143-146 (OT),0,-3,133.0,Right Corner 3,2.0,4.0,0.5
349,349,4/25/21,ATL,MIL,W 111-104,1,7,112.1,Right Corner 3,2.0,8.0,0.25
350,350,4/25/21,BKN,PHX,W 128-119,1,9,133.5,Right Corner 3,2.0,3.0,0.6666666666666666
351,351,4/25/21,BOS,CHA,L 104-125,0,-21,107.2,Right Corner 3,4.0,7.0,0.5714285714285714
352,352,4/25/21,GSW,SAC,W 117-113,1,4,119.2,Right Corner 3,0.0,3.0,0.0
353,353,4/24/21,HOU,DEN,L 116-129,0,-13,113.2,Right Corner 3,1.0,3.0,0.3333333333333333
354,354,4/24/21,DET,IND,L 109-115,0,-6,104.6,Right Corner 3,1.0,5.0,0.2
355,355,4/24/21,MIA,CHI,W 106-101,1,5,113.4,Right Corner 3,2.0,5.0,0.4
356,356,4/24/21,NYK,TOR,W 120-103,1,17,130.3,Right Corner 3,2.0,6.0,0.3333333333333333
357,357,4/24/21,MIN,UTA,W 101-96,1,5,102.3,Right Corner 3,0.0,3.0,0.0
358,358,4/23/21,LAC,HOU,W 109-104,1,5,106.0,Right Corner 3,1.0,5.0,0.2
359,359,4/21/21,LAC,MEM,W 117-105,1,12,121.7,Right Corner 3,2.0,3.0,0.6666666666666666
